Retention Time (min),MS1 Abundance,Precursor m/z,Adduct Type,Expt MS2 Spectra,Expt Isotope Distribution,sample,strain,media,parent
7.33,24118,1044.656072,M+Na,"[[1045.0, 100.0], [1046.0, 42.87]]","[11836.33301, 7571.918457, 2529.225586, 603.6629028, 220.1137695]",A100105_CA08LB_210409_POS_P20_MS2.d,A100105,CA08LB,A2056
7.37,2947994,1022.675196,M+H,"[[69.0, 0.2], [72.0, 11.44], [84.0, 7.71], [85.0, 0.19], [86.0, 100.0], [87.0, 5.8], [95.0, 0.21], [98.0, 0.18], [102.0, 6.19], [130.0, 3.65], [132.0, 3.99], [152.0, 1.25], [154.0, 1.98], [170.0, 2.34], [183.0, 4.16], [185.0, 5.7], [186.0, 0.24], [191.0, 0.45], [197.0, 0.49], [198.0, 0.21], [199.0, 22.83], [200.0, 5.31], [201.0, 19.2], [202.0, 1.57], [209.0, 1.87], [213.0, 5.54], [214.0, 0.69], [215.0, 3.72], [225.0, 0.22], [226.0, 3.43], [227.0, 38.62], [228.0, 6.02], [229.0, 14.85], [230.0, 1.84], [231.0, 0.75], [241.0, 0.63], [243.0, 2.91], [245.0, 13.33], [246.0, 1.18], [253.0, 1.35], [255.0, 1.78], [267.0, 0.7], [269.0, 1.11], [279.0, 0.17], [281.0, 0.86], [282.0, 0.81], [283.0, 7.73], [284.0, 1.43], [285.0, 1.78], [293.0, 1.13], [295.0, 1.61], [296.0, 5.44], [297.0, 3.08], [300.0, 0.17], [310.0, 3.07], [311.0, 6.26], [312.0, 0.44], [313.0, 2.48], [314.0, 0.4], [320.0, 1.91], [324.0, 1.35], [325.0, 1.65], [326.0, 3.27], [327.0, 0.35], [328.0, 24.86], [329.0, 5.2], [330.0, 0.71], [338.0, 30.06], [339.0, 9.26], [340.0, 0.78], [342.0, 13.75], [343.0, 3.98], [356.0, 22.85], [357.0, 11.2], [358.0, 2.07], [360.0, 4.79], [361.0, 1.87], [394.0, 0.18], [395.0, 8.28], [396.0, 4.95], [397.0, 0.45], [405.0, 0.75], [409.0, 0.19], [410.0, 1.24], [412.0, 0.5], [413.0, 3.03], [414.0, 1.08], [423.0, 4.59], [424.0, 1.92], [427.0, 1.29], [433.0, 2.49], [434.0, 0.18], [441.0, 21.94], [442.0, 9.54], [443.0, 0.18], [451.0, 14.46], [452.0, 6.09], [453.0, 0.65], [455.0, 4.05], [456.0, 0.78], [457.0, 0.17], [459.0, 1.74], [460.0, 1.03], [469.0, 19.94], [470.0, 7.76], [471.0, 3.72], [472.0, 0.43], [473.0, 0.21], [508.0, 0.72], [509.0, 2.23], [510.0, 0.64], [518.0, 0.18], [525.0, 1.33], [526.0, 3.36], [527.0, 1.6], [536.0, 0.18], [537.0, 1.51], [546.0, 0.82], [547.0, 0.39], [554.0, 6.72], [555.0, 2.81], [564.0, 3.2], [565.0, 0.72], [568.0, 1.14], [572.0, 0.81], [573.0, 0.91], [582.0, 7.08], [583.0, 4.91], [584.0, 1.58], [585.0, 0.19], [586.0, 1.02], [651.0, 0.86], [663.0, 0.68], [667.0, 1.46], [668.0, 0.56], [669.0, 1.0], [679.0, 1.15], [680.0, 0.38], [681.0, 1.2], [685.0, 5.84], [686.0, 2.68], [687.0, 0.62], [696.0, 0.18], [697.0, 0.89], [698.0, 0.6], [766.0, 0.4], [811.0, 0.18], [812.0, 0.55], [910.0, 0.18]]","[192125.2344, 113243.2891, 35762.33594, 9472.865234, 2146.502686]",A100119_CA07LB_210409_POS_P20_MS2.d,A100119,CA07LB,A2056
7.33,2845947,1022.675417,M+H,"[[55.0, 0.18], [72.0, 10.36], [84.0, 10.32], [86.0, 100.0], [87.0, 5.61], [102.0, 4.79], [129.0, 0.49], [130.0, 5.3], [132.0, 5.3], [135.0, 0.69], [140.0, 0.21], [152.0, 0.74], [154.0, 1.29], [170.0, 0.77], [183.0, 5.33], [185.0, 4.31], [186.0, 0.42], [191.0, 0.19], [197.0, 1.3], [198.0, 0.18], [199.0, 27.93], [200.0, 6.18], [201.0, 20.98], [202.0, 0.92], [209.0, 1.88], [213.0, 4.35], [215.0, 2.75], [226.0, 4.21], [227.0, 40.9], [228.0, 5.18], [229.0, 15.23], [230.0, 1.36], [231.0, 0.46], [243.0, 2.43], [245.0, 13.15], [246.0, 1.94], [253.0, 0.7], [255.0, 1.59], [267.0, 1.9], [269.0, 0.94], [279.0, 0.61], [281.0, 0.86], [282.0, 0.48], [283.0, 7.17], [284.0, 0.61], [285.0, 1.31], [292.0, 1.34], [293.0, 1.52], [295.0, 1.64], [296.0, 5.7], [297.0, 2.97], [299.0, 0.24], [310.0, 4.62], [311.0, 4.83], [313.0, 0.85], [314.0, 0.54], [320.0, 1.98], [321.0, 0.18], [324.0, 1.6], [325.0, 1.92], [326.0, 4.38], [327.0, 0.75], [328.0, 22.27], [329.0, 4.92], [337.0, 0.69], [338.0, 27.59], [339.0, 8.25], [340.0, 2.48], [342.0, 13.75], [343.0, 3.25], [356.0, 25.78], [357.0, 7.8], [358.0, 1.62], [360.0, 4.95], [361.0, 1.24], [362.0, 0.17], [394.0, 0.21], [395.0, 7.1], [396.0, 3.63], [397.0, 0.84], [405.0, 1.9], [406.0, 0.47], [409.0, 0.2], [412.0, 0.73], [413.0, 2.85], [414.0, 0.84], [423.0, 6.16], [424.0, 1.61], [427.0, 0.22], [428.0, 0.21], [433.0, 2.39], [434.0, 0.39], [437.0, 0.46], [441.0, 23.71], [442.0, 7.72], [443.0, 1.37], [451.0, 14.67], [452.0, 4.42], [453.0, 0.83], [455.0, 3.29], [456.0, 1.44], [459.0, 2.29], [460.0, 0.19], [469.0, 16.21], [470.0, 8.16], [471.0, 3.96], [472.0, 1.14], [473.0, 0.47], [508.0, 0.22], [509.0, 1.75], [510.0, 0.44], [525.0, 2.91], [526.0, 3.8], [527.0, 1.15], [537.0, 1.3], [539.0, 0.42], [546.0, 1.88], [547.0, 0.48], [550.0, 0.2], [554.0, 6.5], [555.0, 2.12], [556.0, 0.2], [564.0, 2.56], [565.0, 1.47], [566.0, 0.82], [567.0, 0.22], [568.0, 1.19], [572.0, 2.1], [573.0, 0.22], [582.0, 7.92], [583.0, 3.99], [584.0, 1.43], [585.0, 0.19], [586.0, 0.4], [650.0, 0.41], [663.0, 0.18], [664.0, 0.18], [667.0, 1.08], [668.0, 0.74], [669.0, 1.61], [670.0, 0.18], [681.0, 1.31], [682.0, 1.19], [685.0, 4.35], [686.0, 3.45], [695.0, 0.44], [696.0, 0.2], [697.0, 0.95], [698.0, 0.68], [779.0, 0.21], [798.0, 0.17], [811.0, 0.43], [910.0, 0.22], [911.0, 0.19], [1024.0, 0.19]]","[926115.625, 536719.625, 180295.5469, 40408.17969, 8126.833984]",A100119_CA08LB_210409_POS_P20_MS2.d,A100119,CA08LB,A2056
7.6,293914,1022.673417,M+H,"[[72.0, 16.99], [84.0, 12.52], [86.0, 100.0], [102.0, 10.34], [185.0, 8.23], [199.0, 17.84], [201.0, 19.24], [213.0, 19.59], [227.0, 12.16], [229.0, 25.89], [231.0, 11.41], [269.0, 2.63], [327.0, 2.65], [328.0, 36.32], [342.0, 3.09], [352.0, 32.87], [353.0, 2.96], [370.0, 23.23], [371.0, 8.88], [441.0, 6.42], [469.0, 12.49], [483.0, 26.48], [484.0, 6.29]]","[582133.3125, 340735.8125, 108472.5625, 25343.66797, 5696.134766]",A100119_CA09LB_210409_POS_P20_MS2.d,A100119,CA09LB,A2056
7.32,86301,1022.675306,M+H,"[[72.0, 8.97], [86.0, 100.0], [199.0, 38.72], [227.0, 22.57], [338.0, 35.83]]","[15122.47949, 9001.539062, 3381.001465, 1159.716919, 217.3081665]",A100126_CA02LB_210423_POS_P24_MS2.d,A100126,CA02LB,A1123
7.36,171458,1044.656071,M+Na,"[[707.0, 5.25], [800.0, 2.63], [932.0, 3.93], [1045.0, 100.0], [1046.0, 73.73], [1047.0, 20.34]]","[18434.10742, 11475.9209, 4325.0, 1062.909058, 372.4517822]",A100136_CA10LB_210614_POS_P27_MS2.d,A100136,CA10LB,A1123
7.32,598578,1022.676153,M+H,"[[72.0, 12.7], [84.0, 13.86], [86.0, 100.0], [87.0, 4.06], [102.0, 5.03], [130.0, 4.32], [132.0, 1.16], [183.0, 0.98], [185.0, 3.68], [199.0, 22.86], [200.0, 3.84], [201.0, 10.79], [209.0, 4.46], [213.0, 0.99], [226.0, 0.97], [227.0, 38.56], [228.0, 3.58], [229.0, 12.5], [243.0, 1.0], [245.0, 9.63], [255.0, 2.41], [283.0, 3.81], [293.0, 1.29], [295.0, 1.06], [311.0, 2.55], [312.0, 1.16], [326.0, 2.72], [328.0, 25.53], [329.0, 1.33], [338.0, 27.68], [339.0, 3.0], [342.0, 17.53], [343.0, 3.64], [356.0, 21.34], [357.0, 6.25], [360.0, 7.33], [395.0, 8.68], [441.0, 18.53], [442.0, 2.61], [451.0, 12.83], [452.0, 4.17], [455.0, 4.96], [469.0, 24.73], [470.0, 9.19], [471.0, 1.12], [526.0, 1.27], [554.0, 1.02], [564.0, 2.3], [572.0, 1.09], [582.0, 7.18], [583.0, 1.13], [584.0, 1.07], [685.0, 8.44], [697.0, 2.39]]","[101712.1797, 57170.43359, 19755.72852, 4595.760254, 1174.280151]",A100137_CA02LB_210423_POS_P24_MS2.d,A100137,CA02LB,A1123
7.3,9354455,1044.656828,M+Na,"[[267.0, 0.06], [320.0, 0.25], [321.0, 0.01], [360.0, 0.06], [365.0, 0.21], [366.0, 0.12], [375.0, 0.06], [382.0, 0.01], [391.0, 0.75], [392.0, 0.04], [463.0, 0.89], [464.0, 0.05], [481.0, 0.66], [482.0, 0.02], [558.0, 0.13], [559.0, 0.05], [576.0, 0.06], [592.0, 0.03], [594.0, 1.14], [595.0, 0.15], [604.0, 0.12], [657.0, 0.57], [658.0, 0.14], [684.0, 0.06], [685.0, 0.07], [702.0, 0.25], [703.0, 0.26], [704.0, 0.07], [707.0, 3.53], [708.0, 1.14], [709.0, 0.19], [710.0, 0.05], [712.0, 0.09], [713.0, 0.07], [714.0, 0.03], [728.0, 0.74], [729.0, 0.96], [730.0, 0.28], [749.0, 0.03], [756.0, 0.02], [800.0, 2.27], [801.0, 1.88], [802.0, 0.69], [803.0, 0.05], [818.0, 0.56], [819.0, 0.53], [820.0, 0.14], [862.0, 0.1], [863.0, 0.01], [886.0, 0.03], [902.0, 0.09], [903.0, 0.03], [914.0, 0.18], [932.0, 3.24], [933.0, 1.42], [934.0, 0.25], [935.0, 0.02], [947.0, 0.13], [957.0, 0.11], [973.0, 0.86], [974.0, 0.52], [975.0, 0.08], [1001.0, 0.07], [1017.0, 0.27], [1018.0, 0.15], [1027.0, 0.34], [1028.0, 0.14], [1029.0, 0.03], [1045.0, 100.0], [1046.0, 72.1], [1047.0, 24.12], [1048.0, 4.96], [1049.0, 0.23]]","[583371.0, 330311.4688, 109537.4375, 27486.91992, 4658.243652]",A100141_CA10LB_210423_POS_P25_MS2.d,A100141,CA10LB,A1123
7.34,92127,1044.655135,M+Na,"[[1045.0, 100.0], [1046.0, 53.88], [1047.0, 18.0]]","[11410.15137, 6221.618652, 2121.430664, 759.559082, 0]",A100143_CA10LB_210423_POS_P25_MS2.d,A100143,CA10LB,A1123
7.29,145432,1044.654711,M+Na,"[[707.0, 1.21], [932.0, 2.87], [1045.0, 100.0], [1046.0, 76.76], [1047.0, 14.68], [1048.0, 1.22]]","[25049.1543, 12954.94336, 4960.346191, 1366.710693, 467.9246216]",A100202_CA10LB_210723_POS_P30_MS2.d,A100202,CA10LB,A1123
7.34,608358,1022.674838,M+H,"[[72.0, 11.04], [84.0, 6.47], [86.0, 100.0], [87.0, 2.73], [102.0, 2.7], [130.0, 2.91], [132.0, 1.15], [183.0, 2.16], [185.0, 2.25], [199.0, 15.25], [200.0, 3.0], [201.0, 14.89], [209.0, 2.24], [213.0, 2.16], [226.0, 1.23], [227.0, 44.71], [228.0, 0.97], [229.0, 12.24], [243.0, 2.03], [245.0, 8.42], [283.0, 1.18], [296.0, 2.34], [311.0, 4.16], [325.0, 0.95], [326.0, 0.92], [328.0, 24.29], [329.0, 2.91], [338.0, 34.2], [339.0, 4.7], [342.0, 12.44], [343.0, 0.99], [356.0, 21.05], [357.0, 6.25], [360.0, 3.39], [395.0, 4.32], [396.0, 2.18], [413.0, 1.29], [423.0, 0.91], [441.0, 22.65], [442.0, 8.13], [451.0, 12.58], [469.0, 15.62], [470.0, 4.47], [471.0, 4.84], [509.0, 1.91], [538.0, 0.9], [546.0, 0.95], [554.0, 5.14], [555.0, 2.0], [564.0, 5.66], [582.0, 10.9], [685.0, 4.08], [686.0, 1.19]]","[46215.72266, 27040.02344, 9091.235352, 2357.385986, 521.800293]",A100208_CA02LB_210723_POS_P30_MS2.d,A100208,CA02LB,A1123
7.33,1645542,1022.674119,M+H,"[[72.0, 10.92], [84.0, 8.67], [86.0, 100.0], [87.0, 3.51], [95.0, 1.07], [102.0, 3.47], [130.0, 2.49], [132.0, 2.41], [154.0, 1.97], [170.0, 1.89], [183.0, 4.01], [185.0, 4.36], [197.0, 1.72], [199.0, 28.53], [200.0, 4.99], [201.0, 18.17], [202.0, 1.94], [209.0, 1.51], [213.0, 3.89], [215.0, 2.17], [226.0, 3.61], [227.0, 35.98], [228.0, 5.77], [229.0, 14.62], [230.0, 1.64], [243.0, 1.88], [245.0, 12.79], [247.0, 0.36], [255.0, 0.36], [267.0, 0.74], [269.0, 0.71], [281.0, 0.86], [283.0, 7.99], [284.0, 0.88], [285.0, 2.36], [292.0, 0.33], [295.0, 0.95], [296.0, 5.38], [297.0, 1.22], [299.0, 0.81], [310.0, 5.84], [311.0, 4.99], [313.0, 1.3], [320.0, 1.35], [324.0, 0.36], [325.0, 0.98], [326.0, 4.75], [327.0, 1.21], [328.0, 26.45], [329.0, 5.39], [338.0, 41.39], [339.0, 7.13], [340.0, 1.3], [342.0, 12.38], [343.0, 1.57], [356.0, 24.41], [357.0, 10.7], [358.0, 2.6], [360.0, 6.21], [395.0, 6.54], [396.0, 5.35], [405.0, 0.81], [409.0, 0.81], [410.0, 1.37], [412.0, 0.33], [413.0, 2.38], [414.0, 2.43], [423.0, 3.04], [427.0, 0.9], [433.0, 4.63], [441.0, 26.55], [442.0, 5.16], [443.0, 0.71], [451.0, 16.87], [452.0, 3.3], [453.0, 0.67], [455.0, 4.5], [456.0, 2.27], [459.0, 3.38], [469.0, 24.38], [470.0, 6.26], [471.0, 3.2], [473.0, 0.75], [508.0, 2.2], [509.0, 0.7], [525.0, 1.56], [526.0, 3.91], [527.0, 1.56], [537.0, 0.35], [538.0, 0.83], [546.0, 1.86], [554.0, 7.08], [564.0, 2.99], [565.0, 0.79], [566.0, 1.32], [569.0, 1.45], [572.0, 0.77], [582.0, 8.11], [583.0, 3.77], [584.0, 3.29], [585.0, 0.99], [586.0, 0.87], [651.0, 1.22], [667.0, 1.3], [668.0, 0.97], [669.0, 0.37], [681.0, 0.41], [682.0, 0.91], [685.0, 6.54], [686.0, 1.53], [695.0, 0.68], [697.0, 1.12], [698.0, 1.01], [910.0, 0.33]]","[179523.0781, 99426.28125, 30363.60156, 7970.684082, 1819.620117]",A100208_CA07LB_210723_POS_P30_MS2.d,A100208,CA07LB,A1123
7.33,919323,1022.675371,M+H,"[[72.0, 11.59], [84.0, 7.95], [86.0, 100.0], [87.0, 4.54], [102.0, 2.78], [130.0, 5.84], [132.0, 3.29], [154.0, 0.73], [170.0, 1.37], [183.0, 3.81], [185.0, 1.86], [199.0, 21.79], [200.0, 1.88], [201.0, 19.61], [209.0, 0.56], [213.0, 2.8], [215.0, 1.71], [226.0, 0.66], [227.0, 36.82], [228.0, 9.32], [229.0, 11.49], [230.0, 2.56], [243.0, 0.72], [245.0, 9.28], [246.0, 1.21], [253.0, 1.29], [255.0, 1.17], [283.0, 1.51], [285.0, 0.63], [293.0, 0.65], [295.0, 1.34], [296.0, 0.63], [310.0, 3.27], [311.0, 1.98], [313.0, 2.2], [320.0, 1.09], [326.0, 2.07], [328.0, 15.2], [329.0, 1.84], [338.0, 35.35], [339.0, 5.16], [342.0, 15.92], [343.0, 3.44], [356.0, 24.72], [357.0, 3.2], [360.0, 2.82], [395.0, 10.01], [396.0, 3.2], [413.0, 2.29], [423.0, 1.25], [441.0, 22.77], [442.0, 3.53], [451.0, 10.41], [452.0, 2.43], [455.0, 2.74], [459.0, 2.58], [469.0, 16.3], [470.0, 5.01], [471.0, 0.54], [525.0, 1.18], [526.0, 2.28], [527.0, 0.54], [546.0, 0.7], [554.0, 4.55], [564.0, 3.44], [582.0, 8.57], [583.0, 2.42], [584.0, 0.56], [681.0, 1.33], [685.0, 5.31], [686.0, 4.01], [697.0, 1.8]]","[73782.10938, 44909.71094, 15657.22949, 4135.271973, 543.7061157]",A100208_CA08LB_210723_POS_P30_MS2.d,A100208,CA08LB,A1123
7.29,346725,1044.656732,M+Na,"[[391.0, 1.93], [594.0, 0.54], [657.0, 1.0], [707.0, 7.86], [708.0, 0.47], [800.0, 3.56], [801.0, 2.52], [932.0, 5.12], [933.0, 2.61], [1045.0, 100.0], [1046.0, 72.82], [1047.0, 26.04], [1048.0, 5.44]]","[53594.33594, 30696.76953, 10550.82324, 2579.532227, 575.5200195]",A100208_CA09LB_210723_POS_P30_MS2.d,A100208,CA09LB,A1123
7.29,631278,1022.674719,M+H,"[[72.0, 5.75], [84.0, 6.57], [86.0, 100.0], [102.0, 5.8], [132.0, 0.92], [154.0, 0.97], [183.0, 2.39], [185.0, 1.02], [197.0, 2.04], [199.0, 22.27], [200.0, 3.12], [201.0, 11.55], [202.0, 1.08], [213.0, 3.24], [226.0, 0.99], [227.0, 34.48], [228.0, 2.03], [229.0, 13.51], [243.0, 0.83], [245.0, 8.88], [296.0, 3.45], [311.0, 7.48], [326.0, 2.15], [327.0, 1.95], [328.0, 14.6], [338.0, 33.12], [339.0, 8.12], [342.0, 11.91], [356.0, 22.82], [357.0, 10.68], [360.0, 5.03], [395.0, 6.94], [396.0, 6.72], [405.0, 0.91], [413.0, 0.97], [433.0, 0.82], [441.0, 20.66], [442.0, 3.6], [451.0, 14.7], [452.0, 0.89], [455.0, 1.99], [469.0, 21.73], [470.0, 4.93], [527.0, 0.82], [554.0, 4.51], [564.0, 3.51], [582.0, 7.01], [583.0, 0.95], [685.0, 5.18], [686.0, 3.16]]","[90793.24219, 52217.97656, 18896.58203, 4190.57373, 1012.736816]",A100208_CA10LB_210723_POS_P30_MS2.d,A100208,CA10LB,A1123
7.3,454078,1044.656151,M+Na,"[[391.0, 0.98], [463.0, 0.38], [707.0, 5.48], [728.0, 1.12], [729.0, 0.41], [800.0, 3.6], [818.0, 1.4], [932.0, 3.35], [933.0, 1.83], [1027.0, 0.9], [1045.0, 100.0], [1046.0, 76.55], [1047.0, 23.31], [1048.0, 5.27]]","[97599.74219, 60390.08984, 21522.25, 5514.044922, 1086.837646]",A100209_CA02LB_210723_POS_P30_MS2.d,A100209,CA02LB,A1123
7.33,1741256,1022.673725,M+H,"[[72.0, 10.53], [84.0, 9.31], [86.0, 100.0], [87.0, 5.26], [102.0, 4.42], [130.0, 4.58], [132.0, 3.76], [170.0, 0.91], [180.0, 0.43], [183.0, 2.38], [185.0, 3.84], [197.0, 0.33], [199.0, 22.19], [200.0, 5.51], [201.0, 18.5], [209.0, 2.12], [213.0, 4.6], [215.0, 3.53], [226.0, 4.14], [227.0, 30.12], [228.0, 5.71], [229.0, 18.49], [230.0, 1.11], [243.0, 2.97], [245.0, 10.84], [246.0, 0.92], [253.0, 0.7], [255.0, 3.05], [267.0, 1.25], [269.0, 1.47], [281.0, 1.08], [282.0, 2.17], [283.0, 5.79], [285.0, 1.07], [295.0, 1.32], [296.0, 3.81], [297.0, 4.09], [310.0, 1.44], [311.0, 5.66], [312.0, 0.66], [313.0, 0.79], [314.0, 1.2], [320.0, 0.71], [324.0, 1.44], [325.0, 1.65], [326.0, 3.05], [327.0, 0.35], [328.0, 25.93], [329.0, 4.61], [338.0, 31.53], [339.0, 6.1], [342.0, 12.02], [343.0, 2.4], [356.0, 23.7], [357.0, 10.95], [358.0, 0.84], [360.0, 7.82], [394.0, 0.37], [395.0, 7.13], [396.0, 3.92], [397.0, 0.32], [405.0, 1.17], [412.0, 0.37], [413.0, 1.86], [414.0, 1.4], [423.0, 5.47], [424.0, 0.67], [425.0, 0.66], [433.0, 2.38], [434.0, 0.31], [437.0, 0.8], [441.0, 29.58], [442.0, 5.62], [451.0, 18.44], [452.0, 5.71], [453.0, 0.72], [455.0, 2.78], [456.0, 0.69], [459.0, 1.82], [469.0, 24.72], [470.0, 9.32], [471.0, 2.98], [508.0, 1.92], [509.0, 3.73], [519.0, 0.32], [525.0, 1.73], [526.0, 2.88], [537.0, 1.39], [546.0, 0.38], [554.0, 9.64], [555.0, 0.73], [556.0, 0.38], [564.0, 4.03], [565.0, 0.67], [566.0, 0.32], [568.0, 0.77], [572.0, 3.22], [582.0, 6.99], [583.0, 1.4], [584.0, 1.43], [586.0, 0.31], [587.0, 0.33], [667.0, 3.56], [668.0, 0.4], [669.0, 0.31], [679.0, 1.48], [681.0, 0.67], [682.0, 0.9], [685.0, 6.0], [686.0, 2.94], [695.0, 0.67], [696.0, 0.3], [697.0, 0.77], [760.0, 0.3], [778.0, 0.34], [795.0, 0.65], [811.0, 0.71], [910.0, 0.32]]","[153710.1406, 94507.74219, 31803.32227, 7845.749023, 1470.123535]",A100209_CA07LB_210723_POS_P30_MS2.d,A100209,CA07LB,A1123
7.36,1452224,1022.673856,M+H,"[[72.0, 14.9], [84.0, 10.08], [86.0, 100.0], [87.0, 2.61], [102.0, 9.49], [130.0, 5.18], [132.0, 5.76], [154.0, 0.56], [170.0, 1.51], [183.0, 7.02], [185.0, 8.96], [199.0, 36.03], [200.0, 7.55], [201.0, 22.88], [209.0, 0.99], [213.0, 2.18], [214.0, 0.56], [215.0, 1.47], [226.0, 3.41], [227.0, 55.83], [228.0, 7.95], [229.0, 23.55], [230.0, 1.2], [243.0, 3.74], [245.0, 14.54], [246.0, 1.98], [253.0, 0.54], [255.0, 1.99], [267.0, 1.3], [283.0, 7.54], [285.0, 0.56], [295.0, 2.4], [296.0, 4.24], [297.0, 3.61], [300.0, 0.53], [310.0, 2.92], [311.0, 2.54], [320.0, 0.96], [324.0, 1.46], [325.0, 3.17], [326.0, 3.28], [328.0, 35.59], [329.0, 7.64], [338.0, 53.29], [339.0, 9.91], [342.0, 17.94], [343.0, 2.0], [356.0, 43.44], [357.0, 15.87], [358.0, 2.35], [360.0, 6.08], [361.0, 1.77], [395.0, 10.02], [396.0, 6.99], [406.0, 0.56], [413.0, 6.17], [423.0, 3.71], [433.0, 3.6], [437.0, 1.29], [441.0, 44.44], [442.0, 3.57], [451.0, 22.97], [452.0, 7.67], [455.0, 4.42], [456.0, 0.5], [459.0, 1.87], [469.0, 26.32], [470.0, 12.13], [471.0, 4.73], [509.0, 2.85], [525.0, 3.38], [526.0, 5.46], [527.0, 0.5], [537.0, 1.79], [546.0, 1.93], [554.0, 7.3], [564.0, 3.25], [565.0, 1.15], [566.0, 1.3], [572.0, 2.9], [582.0, 10.23], [583.0, 5.75], [584.0, 0.51], [650.0, 0.51], [667.0, 2.24], [668.0, 0.48], [669.0, 0.63], [679.0, 0.5], [685.0, 9.01], [686.0, 3.22], [697.0, 3.38], [910.0, 1.11], [924.0, 0.48]]","[30020.45312, 19980.78125, 6395.29834, 2111.512451, 242.5391846]",A100209_CA08LB_210723_POS_P30_MS2.d,A100209,CA08LB,A1123
7.29,275096,1022.673676,M+H,"[[84.0, 6.05], [86.0, 100.0], [199.0, 25.31], [201.0, 10.9], [227.0, 16.21], [229.0, 10.18], [245.0, 2.1], [253.0, 2.01], [296.0, 2.1], [326.0, 2.03], [328.0, 15.8], [338.0, 17.67], [342.0, 13.28], [356.0, 24.13], [357.0, 2.63], [395.0, 2.82], [441.0, 23.32], [442.0, 2.34], [451.0, 10.19], [455.0, 5.25], [469.0, 26.16], [470.0, 8.52], [471.0, 5.0], [583.0, 2.27], [685.0, 4.75]]","[41743.03516, 26388.86914, 8899.486328, 2451.449707, 292.7853394]",A100209_CA10LB_210723_POS_P30_MS2.d,A100209,CA10LB,A1123
7.29,117571,1022.673611,M+H,"[[86.0, 100.0], [227.0, 43.43], [229.0, 47.63], [338.0, 51.64], [356.0, 58.81], [469.0, 12.84]]","[15188.00684, 9313.583008, 3085.175293, 835.4848633, 248.0535736]",A100210_CA10LB_210723_POS_P30_MS2.d,A100210,CA10LB,A1123
7.37,538524,1022.674848,M+H,"[[72.0, 2.66], [84.0, 2.61], [86.0, 100.0], [87.0, 2.58], [102.0, 5.72], [130.0, 4.34], [132.0, 2.74], [183.0, 1.17], [185.0, 2.37], [199.0, 23.38], [200.0, 2.77], [201.0, 14.85], [213.0, 1.07], [227.0, 44.06], [228.0, 8.41], [229.0, 9.76], [245.0, 13.97], [255.0, 3.86], [267.0, 3.16], [283.0, 4.04], [296.0, 1.21], [310.0, 1.05], [313.0, 1.03], [326.0, 4.74], [328.0, 22.17], [338.0, 18.07], [342.0, 14.59], [343.0, 2.39], [356.0, 39.11], [357.0, 4.11], [360.0, 3.63], [395.0, 2.75], [433.0, 1.2], [441.0, 15.01], [442.0, 8.21], [451.0, 13.78], [455.0, 6.0], [459.0, 6.53], [469.0, 24.14], [470.0, 3.4], [554.0, 2.63], [564.0, 1.28], [565.0, 1.25], [582.0, 7.52], [583.0, 2.84], [685.0, 4.62]]","[13102.8584, 9175.80957, 3223.858154, 847.7609863, 339.448761]",A100212_CA02LB_210723_POS_P30_MS2.d,A100212,CA02LB,A1123
7.48,467673,1044.657378,M+Na,"[[391.0, 0.84], [481.0, 0.71], [594.0, 1.39], [707.0, 5.63], [708.0, 0.4], [728.0, 1.18], [729.0, 0.49], [800.0, 4.5], [801.0, 2.2], [818.0, 1.94], [932.0, 4.34], [933.0, 1.35], [1045.0, 100.0], [1046.0, 80.21], [1047.0, 24.04], [1048.0, 3.37]]","[48353.21484, 29828.43359, 10050.30664, 2559.540527, 660.7999878]",A100212_CA07LB_210723_POS_P30_MS2.d,A100212,CA07LB,A1123
7.29,1067763,1044.654576,M+Na,"[[391.0, 0.99], [463.0, 1.38], [481.0, 0.63], [594.0, 1.5], [595.0, 0.34], [657.0, 0.64], [702.0, 0.36], [707.0, 6.37], [708.0, 1.51], [728.0, 1.3], [729.0, 1.32], [730.0, 0.4], [800.0, 5.13], [801.0, 2.34], [802.0, 0.18], [818.0, 1.12], [819.0, 0.45], [932.0, 3.76], [933.0, 2.34], [973.0, 1.33], [1018.0, 0.15], [1027.0, 0.59], [1045.0, 100.0], [1046.0, 79.53], [1047.0, 25.21], [1048.0, 5.88]]","[235054.7031, 130574.7344, 42847.07031, 9253.956055, 1840.9646]",A100212_CA08LB_210723_POS_P30_MS2.d,A100212,CA08LB,A1123
7.29,747947,1044.657573,M+Na,"[[320.0, 0.24], [391.0, 2.5], [463.0, 1.32], [481.0, 1.05], [594.0, 0.87], [657.0, 0.91], [707.0, 4.44], [708.0, 0.85], [728.0, 1.8], [729.0, 1.0], [800.0, 2.57], [801.0, 1.8], [802.0, 0.27], [818.0, 0.69], [819.0, 0.22], [932.0, 3.23], [933.0, 1.75], [973.0, 0.46], [974.0, 0.46], [1045.0, 100.0], [1046.0, 76.09], [1047.0, 24.69], [1048.0, 5.35]]","[112519.2578, 66517.64062, 22369.32617, 5341.601562, 777.5632324]",A100212_CA10LB_210723_POS_P30_MS2.d,A100212,CA10LB,A1123
7.29,437749,1044.656845,M+Na,"[[481.0, 0.82], [594.0, 2.2], [707.0, 3.98], [708.0, 0.95], [728.0, 1.47], [729.0, 0.5], [800.0, 4.42], [801.0, 0.44], [818.0, 1.93], [819.0, 0.42], [932.0, 6.64], [933.0, 2.21], [1045.0, 100.0], [1046.0, 86.15], [1047.0, 27.55], [1048.0, 5.01]]","[65345.86719, 39708.69922, 13068.65234, 3312.127441, 965.2520752]",A100213_CA02LB_210723_POS_P30_MS2.d,A100213,CA02LB,A1123
7.29,973366,1044.655675,M+Na,"[[391.0, 1.21], [463.0, 0.18], [481.0, 0.87], [594.0, 1.88], [595.0, 0.37], [657.0, 0.86], [684.0, 0.33], [707.0, 3.92], [708.0, 1.52], [728.0, 1.35], [729.0, 1.47], [730.0, 0.15], [800.0, 3.9], [801.0, 2.25], [802.0, 0.34], [818.0, 1.05], [819.0, 0.44], [932.0, 4.09], [933.0, 1.63], [973.0, 1.06], [1045.0, 100.0], [1046.0, 73.92], [1047.0, 24.86], [1048.0, 5.03]]","[166937.2812, 100887.2109, 35730.07812, 7729.041504, 1446.0]",A100213_CA07LB_210723_POS_P30_MS2.d,A100213,CA07LB,A1123
7.29,1300660,1022.676546,M+H,"[[72.0, 5.87], [84.0, 8.91], [86.0, 100.0], [87.0, 5.61], [102.0, 2.43], [130.0, 5.91], [132.0, 0.97], [140.0, 0.43], [154.0, 2.25], [183.0, 2.71], [185.0, 4.16], [186.0, 0.42], [199.0, 18.16], [200.0, 6.95], [201.0, 18.27], [202.0, 0.54], [213.0, 4.51], [215.0, 1.36], [226.0, 2.59], [227.0, 32.18], [228.0, 4.88], [229.0, 15.09], [230.0, 1.17], [243.0, 2.04], [245.0, 10.69], [246.0, 0.42], [255.0, 1.27], [281.0, 1.03], [283.0, 4.9], [284.0, 0.51], [285.0, 2.85], [293.0, 1.67], [296.0, 6.94], [297.0, 1.49], [310.0, 2.91], [311.0, 1.69], [313.0, 0.5], [320.0, 4.04], [324.0, 0.46], [326.0, 3.77], [328.0, 26.0], [329.0, 3.51], [338.0, 22.77], [339.0, 5.96], [340.0, 2.48], [342.0, 15.66], [343.0, 2.78], [356.0, 27.5], [357.0, 8.49], [358.0, 0.49], [360.0, 4.35], [361.0, 0.98], [395.0, 7.23], [396.0, 5.9], [405.0, 0.41], [413.0, 2.88], [414.0, 1.1], [423.0, 4.3], [433.0, 2.05], [441.0, 26.26], [442.0, 8.67], [443.0, 1.18], [451.0, 20.51], [452.0, 4.21], [455.0, 6.21], [456.0, 1.03], [459.0, 1.73], [460.0, 0.86], [469.0, 22.8], [470.0, 4.51], [471.0, 1.41], [509.0, 1.45], [510.0, 0.42], [525.0, 1.87], [526.0, 2.5], [546.0, 1.72], [554.0, 5.75], [555.0, 2.82], [564.0, 4.52], [565.0, 0.95], [568.0, 0.42], [572.0, 2.07], [582.0, 8.86], [583.0, 3.62], [584.0, 1.05], [586.0, 0.86], [667.0, 0.86], [669.0, 0.46], [670.0, 0.86], [681.0, 0.9], [685.0, 5.86], [686.0, 1.86], [697.0, 1.9]]","[291078.0312, 173625.125, 56963.71875, 12899.47852, 2949.445801]",A100213_CA08LB_210723_POS_P30_MS2.d,A100213,CA08LB,A1123
7.29,679128,1044.655911,M+Na,"[[391.0, 1.66], [481.0, 1.44], [657.0, 0.83], [707.0, 2.87], [708.0, 1.04], [728.0, 1.49], [729.0, 1.38], [730.0, 0.29], [800.0, 4.89], [801.0, 2.68], [802.0, 0.29], [819.0, 0.24], [932.0, 5.39], [933.0, 1.04], [973.0, 0.25], [1045.0, 100.0], [1046.0, 81.74], [1047.0, 26.77], [1048.0, 4.69]]","[111212.0078, 61280.93359, 21420.78125, 4219.043457, 1098.55957]",A100213_CA10LB_210723_POS_P30_MS2.d,A100213,CA10LB,A1123
7.3,639055,1022.675082,M+H,"[[72.0, 18.85], [84.0, 7.71], [86.0, 100.0], [87.0, 2.5], [102.0, 6.42], [130.0, 7.14], [132.0, 3.58], [183.0, 5.55], [199.0, 30.84], [201.0, 14.01], [213.0, 1.09], [226.0, 1.16], [227.0, 45.41], [228.0, 1.15], [229.0, 13.77], [243.0, 6.37], [245.0, 9.95], [255.0, 1.1], [281.0, 3.55], [297.0, 1.99], [326.0, 2.13], [328.0, 16.61], [338.0, 34.54], [339.0, 9.44], [340.0, 0.99], [342.0, 11.27], [356.0, 32.08], [357.0, 16.88], [360.0, 4.93], [395.0, 5.17], [396.0, 4.92], [413.0, 2.23], [441.0, 27.12], [442.0, 2.36], [451.0, 13.32], [452.0, 7.51], [455.0, 3.49], [459.0, 2.14], [469.0, 18.62], [470.0, 6.94], [525.0, 3.32], [526.0, 1.01], [554.0, 8.13], [564.0, 2.35], [582.0, 12.35], [583.0, 1.92], [685.0, 9.1], [686.0, 4.16]]","[132048.2344, 88388.8125, 27588.26172, 8121.089844, 1691.02478]",A100214_CA02LB_210723_POS_P30_MS2.d,A100214,CA02LB,A1123
7.33,2084816,1022.674543,M+H,"[[72.0, 8.22], [81.0, 0.31], [84.0, 11.6], [86.0, 100.0], [87.0, 4.91], [102.0, 4.19], [130.0, 6.83], [132.0, 3.68], [152.0, 0.27], [154.0, 1.47], [183.0, 3.75], [185.0, 3.5], [191.0, 0.6], [197.0, 1.76], [199.0, 29.84], [200.0, 6.47], [201.0, 14.7], [202.0, 0.67], [209.0, 1.4], [212.0, 0.33], [213.0, 3.74], [214.0, 0.3], [215.0, 3.66], [226.0, 4.69], [227.0, 41.47], [228.0, 4.41], [229.0, 17.99], [230.0, 2.26], [231.0, 0.37], [243.0, 2.94], [245.0, 14.51], [246.0, 0.73], [255.0, 2.03], [256.0, 0.28], [267.0, 0.67], [268.0, 0.31], [269.0, 1.4], [281.0, 1.19], [283.0, 7.32], [285.0, 0.62], [292.0, 0.35], [293.0, 1.34], [295.0, 3.67], [296.0, 3.03], [297.0, 3.47], [310.0, 3.03], [311.0, 5.45], [313.0, 1.57], [314.0, 0.68], [320.0, 1.76], [325.0, 1.65], [326.0, 4.4], [327.0, 0.27], [328.0, 29.84], [329.0, 4.89], [338.0, 32.22], [339.0, 7.77], [340.0, 1.96], [342.0, 14.38], [343.0, 4.4], [344.0, 0.57], [356.0, 26.94], [357.0, 9.25], [358.0, 0.29], [360.0, 6.58], [361.0, 1.52], [362.0, 0.28], [395.0, 9.51], [396.0, 6.2], [397.0, 0.63], [405.0, 3.31], [410.0, 1.42], [413.0, 3.53], [414.0, 0.77], [423.0, 5.38], [424.0, 0.65], [427.0, 0.27], [428.0, 1.04], [433.0, 1.83], [434.0, 0.78], [437.0, 0.75], [441.0, 26.27], [442.0, 8.87], [443.0, 0.69], [451.0, 18.54], [452.0, 4.92], [453.0, 0.29], [455.0, 5.62], [456.0, 1.13], [459.0, 2.58], [469.0, 23.62], [470.0, 9.71], [471.0, 2.79], [472.0, 1.4], [508.0, 1.81], [509.0, 3.52], [510.0, 0.3], [525.0, 1.35], [526.0, 3.57], [527.0, 0.63], [536.0, 0.28], [537.0, 1.99], [538.0, 0.69], [546.0, 1.91], [547.0, 0.31], [554.0, 8.11], [555.0, 1.93], [564.0, 3.1], [565.0, 1.96], [566.0, 1.1], [567.0, 0.3], [568.0, 2.07], [572.0, 1.7], [582.0, 9.0], [583.0, 4.4], [584.0, 2.31], [585.0, 0.28], [586.0, 2.02], [587.0, 0.62], [667.0, 1.87], [668.0, 0.69], [669.0, 1.47], [679.0, 1.14], [681.0, 1.77], [682.0, 0.66], [685.0, 7.51], [686.0, 3.84], [687.0, 0.63], [695.0, 0.68], [697.0, 1.16], [698.0, 0.28], [752.0, 0.29], [811.0, 0.29], [910.0, 0.63]]","[234336.1094, 140308.2031, 46903.25, 10641.08984, 1955.421509]",A100214_CA07LB_210723_POS_P30_MS2.d,A100214,CA07LB,A1123
7.29,2499821,1022.672157,M+H,"[[72.0, 11.7], [84.0, 9.65], [86.0, 100.0], [87.0, 4.6], [102.0, 5.15], [130.0, 5.36], [132.0, 4.91], [140.0, 0.84], [152.0, 0.24], [154.0, 2.3], [170.0, 2.19], [183.0, 5.24], [185.0, 5.0], [197.0, 0.51], [198.0, 0.54], [199.0, 26.48], [200.0, 4.74], [201.0, 17.65], [202.0, 1.37], [209.0, 1.27], [213.0, 3.54], [214.0, 0.26], [215.0, 3.13], [225.0, 0.24], [226.0, 3.55], [227.0, 41.52], [228.0, 7.93], [229.0, 14.52], [230.0, 1.67], [243.0, 3.33], [245.0, 15.02], [246.0, 0.86], [253.0, 0.47], [255.0, 1.91], [267.0, 0.64], [269.0, 0.59], [279.0, 0.47], [281.0, 1.38], [282.0, 2.59], [283.0, 10.68], [285.0, 2.27], [292.0, 0.25], [293.0, 1.02], [295.0, 1.17], [296.0, 5.94], [297.0, 3.13], [300.0, 0.22], [310.0, 4.24], [311.0, 5.81], [313.0, 0.92], [314.0, 0.95], [320.0, 1.67], [324.0, 1.62], [325.0, 1.4], [326.0, 5.45], [328.0, 26.93], [329.0, 3.58], [338.0, 33.2], [339.0, 5.37], [340.0, 1.01], [342.0, 13.75], [343.0, 2.95], [344.0, 0.24], [355.0, 0.24], [356.0, 26.96], [357.0, 10.41], [358.0, 0.91], [360.0, 6.93], [361.0, 0.52], [394.0, 0.23], [395.0, 10.61], [396.0, 3.45], [405.0, 1.57], [409.0, 0.22], [412.0, 0.5], [413.0, 3.06], [414.0, 1.55], [423.0, 4.57], [424.0, 0.25], [433.0, 2.64], [434.0, 0.24], [437.0, 0.58], [441.0, 24.79], [442.0, 9.01], [443.0, 0.59], [451.0, 17.02], [452.0, 5.84], [453.0, 0.94], [455.0, 5.99], [456.0, 1.64], [459.0, 1.68], [469.0, 25.51], [470.0, 9.67], [471.0, 4.2], [473.0, 0.24], [509.0, 1.27], [525.0, 1.76], [526.0, 2.45], [527.0, 1.28], [537.0, 1.88], [538.0, 0.71], [546.0, 1.22], [547.0, 1.0], [554.0, 7.4], [555.0, 1.73], [564.0, 4.88], [565.0, 0.56], [566.0, 0.53], [568.0, 1.07], [572.0, 2.74], [573.0, 0.86], [582.0, 9.5], [583.0, 4.36], [584.0, 2.23], [585.0, 0.22], [586.0, 0.65], [650.0, 0.49], [663.0, 0.59], [667.0, 2.07], [668.0, 0.24], [669.0, 1.58], [679.0, 0.63], [680.0, 0.64], [681.0, 0.9], [682.0, 0.55], [685.0, 8.06], [686.0, 4.51], [687.0, 1.15], [696.0, 0.22], [697.0, 0.56], [698.0, 0.55], [793.0, 0.22], [811.0, 0.49], [910.0, 0.81], [911.0, 1.39], [1005.0, 0.22], [1023.0, 0.24]]","[617652.4375, 372140.1562, 118517.8828, 28067.33008, 4932.834961]",A100214_CA08LB_210723_POS_P30_MS2.d,A100214,CA08LB,A1123
7.29,758241,1044.657872,M+Na,"[[320.0, 0.46], [391.0, 1.41], [392.0, 0.24], [463.0, 0.99], [481.0, 1.08], [594.0, 1.93], [657.0, 0.23], [702.0, 0.23], [707.0, 4.94], [708.0, 1.14], [728.0, 1.68], [729.0, 1.1], [800.0, 4.22], [801.0, 2.43], [802.0, 0.29], [818.0, 1.0], [932.0, 4.53], [933.0, 2.95], [973.0, 0.93], [1017.0, 0.47], [1018.0, 0.23], [1045.0, 100.0], [1046.0, 76.95], [1047.0, 25.52], [1048.0, 4.76]]","[110954.3906, 64066.00391, 21345.29102, 5334.152344, 737.1051025]",A100214_CA10LB_210723_POS_P30_MS2.d,A100214,CA10LB,A1123
7.45,3722672,1022.674623,M+H,"[[69.0, 0.39], [72.0, 11.47], [73.0, 0.19], [84.0, 8.78], [86.0, 100.0], [87.0, 5.06], [95.0, 0.16], [102.0, 3.95], [109.0, 0.13], [130.0, 4.95], [132.0, 3.28], [140.0, 0.31], [148.0, 0.28], [152.0, 0.36], [154.0, 1.89], [156.0, 0.34], [166.0, 0.69], [170.0, 2.07], [183.0, 5.01], [184.0, 0.31], [185.0, 4.95], [191.0, 0.34], [197.0, 1.05], [198.0, 0.14], [199.0, 24.34], [200.0, 7.13], [201.0, 15.84], [202.0, 1.5], [209.0, 2.14], [212.0, 0.32], [213.0, 4.52], [214.0, 0.15], [215.0, 2.71], [225.0, 0.42], [226.0, 4.94], [227.0, 35.01], [228.0, 5.65], [229.0, 14.07], [230.0, 1.7], [231.0, 1.09], [243.0, 2.41], [244.0, 0.29], [245.0, 9.77], [246.0, 1.76], [247.0, 0.15], [253.0, 1.01], [255.0, 2.37], [267.0, 2.28], [269.0, 1.4], [279.0, 0.29], [281.0, 2.4], [282.0, 0.95], [283.0, 7.07], [284.0, 2.01], [285.0, 2.81], [292.0, 0.27], [293.0, 0.99], [294.0, 0.71], [295.0, 2.06], [296.0, 5.29], [297.0, 3.06], [299.0, 0.16], [300.0, 0.48], [310.0, 4.14], [311.0, 4.46], [312.0, 0.51], [313.0, 1.4], [314.0, 1.01], [320.0, 0.95], [321.0, 0.27], [322.0, 0.28], [324.0, 0.91], [325.0, 2.06], [326.0, 4.45], [327.0, 0.29], [328.0, 24.18], [329.0, 4.96], [330.0, 0.15], [338.0, 30.3], [339.0, 7.41], [340.0, 1.48], [342.0, 14.81], [343.0, 3.64], [344.0, 0.16], [346.0, 0.35], [356.0, 27.04], [357.0, 11.26], [358.0, 2.1], [360.0, 5.99], [361.0, 0.62], [394.0, 0.3], [395.0, 6.89], [396.0, 5.3], [397.0, 0.72], [405.0, 1.42], [406.0, 0.57], [409.0, 0.64], [410.0, 1.48], [412.0, 0.36], [413.0, 2.34], [414.0, 1.84], [423.0, 4.74], [424.0, 1.64], [426.0, 0.29], [427.0, 0.56], [428.0, 0.69], [433.0, 1.83], [434.0, 0.75], [437.0, 0.74], [441.0, 22.6], [442.0, 9.28], [443.0, 1.1], [451.0, 12.12], [452.0, 5.73], [453.0, 1.69], [455.0, 4.63], [456.0, 1.18], [457.0, 0.38], [459.0, 2.46], [460.0, 0.88], [469.0, 19.64], [470.0, 9.39], [471.0, 4.1], [472.0, 0.97], [473.0, 0.49], [508.0, 1.03], [509.0, 1.83], [510.0, 0.74], [518.0, 0.14], [525.0, 1.56], [526.0, 2.82], [527.0, 2.12], [536.0, 1.01], [537.0, 0.9], [538.0, 0.94], [539.0, 0.13], [546.0, 0.81], [547.0, 0.89], [554.0, 6.45], [555.0, 2.75], [556.0, 0.71], [564.0, 3.62], [565.0, 1.59], [566.0, 0.79], [567.0, 0.32], [568.0, 1.07], [569.0, 0.29], [572.0, 1.76], [573.0, 0.53], [582.0, 6.9], [583.0, 4.29], [584.0, 1.34], [585.0, 0.77], [586.0, 1.1], [587.0, 0.15], [650.0, 0.81], [652.0, 0.14], [663.0, 0.55], [667.0, 1.86], [668.0, 0.69], [669.0, 0.31], [670.0, 0.4], [679.0, 0.27], [681.0, 1.11], [682.0, 0.55], [685.0, 5.73], [686.0, 2.81], [687.0, 0.47], [695.0, 0.4], [696.0, 0.3], [697.0, 1.2], [698.0, 1.03], [699.0, 0.3], [723.0, 0.13], [751.0, 0.7], [752.0, 0.16], [778.0, 0.16], [793.0, 0.29], [795.0, 0.46], [796.0, 0.48], [797.0, 0.17], [798.0, 0.14], [811.0, 0.54], [812.0, 0.51], [910.0, 0.63], [911.0, 0.74], [925.0, 0.13], [996.0, 0.14], [1023.0, 0.29]]","[28432.88477, 15823.38965, 5538.783203, 1726.426758, 360.4512329]",A2056_CA08LB_210409_POS_P20_MS2.d,A2056,CA08LB,A2056
7.37,3155664,1022.675234,M+H,"[[72.0, 9.41], [81.0, 0.21], [84.0, 10.42], [86.0, 100.0], [87.0, 3.74], [97.0, 0.2], [102.0, 5.92], [109.0, 0.4], [130.0, 7.33], [131.0, 0.42], [132.0, 4.63], [135.0, 0.23], [140.0, 0.36], [152.0, 0.18], [154.0, 2.71], [155.0, 0.6], [170.0, 1.72], [180.0, 0.71], [183.0, 4.36], [185.0, 3.3], [186.0, 0.98], [191.0, 0.47], [197.0, 1.16], [198.0, 0.82], [199.0, 24.21], [200.0, 6.85], [201.0, 20.3], [202.0, 1.45], [209.0, 2.4], [210.0, 0.7], [213.0, 3.53], [215.0, 3.13], [216.0, 0.37], [226.0, 2.38], [227.0, 37.38], [228.0, 8.61], [229.0, 14.39], [230.0, 2.24], [231.0, 0.54], [243.0, 3.65], [244.0, 0.17], [245.0, 10.65], [246.0, 2.44], [247.0, 0.46], [253.0, 0.84], [255.0, 2.05], [267.0, 1.38], [269.0, 1.32], [279.0, 1.06], [281.0, 2.09], [282.0, 0.44], [283.0, 8.94], [284.0, 0.8], [285.0, 2.76], [292.0, 0.46], [293.0, 1.44], [295.0, 3.59], [296.0, 5.87], [297.0, 2.87], [300.0, 0.43], [309.0, 0.39], [310.0, 2.69], [311.0, 5.49], [312.0, 0.48], [313.0, 0.89], [314.0, 1.28], [320.0, 2.39], [321.0, 0.62], [324.0, 0.21], [325.0, 1.99], [326.0, 4.04], [327.0, 1.11], [328.0, 27.23], [329.0, 6.62], [330.0, 0.22], [338.0, 34.97], [339.0, 6.64], [340.0, 2.25], [342.0, 12.97], [343.0, 3.27], [346.0, 0.19], [356.0, 27.47], [357.0, 10.21], [358.0, 2.06], [360.0, 4.52], [361.0, 0.9], [362.0, 0.37], [370.0, 0.42], [394.0, 0.51], [395.0, 8.42], [396.0, 5.42], [397.0, 1.23], [405.0, 2.96], [406.0, 0.45], [409.0, 0.35], [410.0, 1.22], [412.0, 0.49], [413.0, 3.04], [414.0, 0.94], [423.0, 5.65], [424.0, 1.42], [425.0, 0.17], [426.0, 0.22], [427.0, 0.35], [433.0, 2.91], [437.0, 0.23], [441.0, 23.62], [442.0, 7.76], [443.0, 0.41], [451.0, 14.97], [452.0, 5.89], [453.0, 1.53], [455.0, 5.52], [456.0, 1.07], [459.0, 3.28], [460.0, 0.17], [469.0, 20.03], [470.0, 9.3], [471.0, 5.89], [472.0, 0.98], [473.0, 0.54], [508.0, 1.33], [509.0, 3.69], [510.0, 0.17], [518.0, 0.39], [525.0, 1.8], [526.0, 2.88], [527.0, 1.74], [536.0, 0.51], [537.0, 1.46], [538.0, 0.41], [546.0, 1.57], [547.0, 1.21], [554.0, 8.87], [555.0, 2.33], [564.0, 3.38], [565.0, 1.59], [566.0, 1.0], [568.0, 1.51], [572.0, 2.53], [573.0, 0.66], [582.0, 7.94], [583.0, 3.74], [584.0, 2.95], [585.0, 0.38], [586.0, 0.96], [587.0, 0.42], [650.0, 0.97], [651.0, 0.19], [653.0, 0.18], [663.0, 0.58], [664.0, 0.18], [667.0, 2.25], [668.0, 1.78], [669.0, 0.95], [679.0, 0.39], [680.0, 0.4], [681.0, 1.12], [682.0, 0.66], [685.0, 6.76], [686.0, 5.08], [687.0, 0.42], [695.0, 0.43], [697.0, 1.32], [698.0, 0.54], [751.0, 0.19], [752.0, 0.39], [766.0, 0.37], [767.0, 0.17], [778.0, 0.43], [793.0, 0.19], [795.0, 0.2], [796.0, 0.21], [811.0, 0.41], [812.0, 0.45], [910.0, 0.69], [911.0, 0.74]]","[267435.7188, 150827.875, 48186.82031, 11528.30566, 2184.577637]",A2056_CA09LB_210409_POS_P20_MS2.d,A2056,CA09LB,A2056
7.33,603977,1022.67511,M+H,"[[72.0, 13.82], [84.0, 8.74], [86.0, 100.0], [87.0, 2.63], [102.0, 2.5], [130.0, 4.8], [132.0, 2.44], [170.0, 2.79], [183.0, 1.64], [199.0, 31.83], [200.0, 2.71], [201.0, 16.86], [213.0, 6.04], [215.0, 1.03], [226.0, 2.23], [227.0, 43.7], [228.0, 6.19], [229.0, 20.1], [245.0, 7.68], [282.0, 1.05], [296.0, 6.25], [311.0, 2.34], [326.0, 4.31], [328.0, 23.3], [338.0, 30.04], [339.0, 6.03], [342.0, 16.05], [356.0, 30.35], [357.0, 8.61], [360.0, 4.32], [395.0, 3.66], [433.0, 1.08], [441.0, 22.02], [442.0, 5.08], [451.0, 21.24], [452.0, 5.97], [455.0, 5.62], [459.0, 1.27], [469.0, 31.84], [470.0, 6.92], [554.0, 3.64], [564.0, 1.07], [582.0, 8.63], [583.0, 2.32], [584.0, 2.41], [685.0, 6.65], [686.0, 2.43]]","[138248.7188, 76247.64844, 25136.20117, 4891.611328, 1138.977905]",A80510_CA10LB_210611_POS_P26_MS2.d,A80510,CA10LB,A80510
7.33,154000,1022.673838,M+H,"[[86.0, 100.0], [199.0, 5.37], [227.0, 14.31], [338.0, 25.18], [342.0, 17.39], [356.0, 23.01], [469.0, 29.13]]","[34236.10938, 21907.72461, 7544.171387, 1093.1073, 321.59552]",T10003_MCA10LB_210326_POS_P18_MS2.d,T10003,MCA10LB,T298
7.33,344924,1022.673255,M+H,"[[72.0, 8.4], [86.0, 100.0], [87.0, 2.41], [102.0, 2.08], [130.0, 4.45], [185.0, 7.26], [199.0, 12.71], [201.0, 8.11], [227.0, 50.95], [228.0, 4.72], [229.0, 7.21], [328.0, 13.92], [338.0, 39.59], [342.0, 12.23], [356.0, 23.34], [395.0, 2.02], [441.0, 20.99], [442.0, 5.22], [451.0, 18.3], [469.0, 20.25], [470.0, 2.11], [667.0, 1.93]]","[40402.96484, 24689.96289, 8634.550781, 1848.977417, 571.1797485]",T10010_MCA10LB_210326_POS_P18_MS2.d,T10010,MCA10LB,T298
7.37,611446,1022.675085,M+H,"[[72.0, 11.61], [84.0, 10.82], [86.0, 100.0], [87.0, 5.07], [102.0, 1.62], [130.0, 1.26], [132.0, 3.04], [185.0, 1.72], [199.0, 27.98], [200.0, 2.87], [201.0, 32.32], [213.0, 3.28], [215.0, 4.17], [226.0, 3.43], [227.0, 59.99], [228.0, 2.76], [229.0, 23.98], [245.0, 18.13], [283.0, 13.35], [285.0, 3.76], [295.0, 1.57], [296.0, 8.77], [310.0, 1.32], [311.0, 8.46], [326.0, 1.42], [328.0, 28.77], [329.0, 2.64], [338.0, 43.41], [339.0, 4.98], [342.0, 14.76], [356.0, 32.15], [357.0, 1.6], [358.0, 1.37], [360.0, 5.04], [395.0, 8.63], [413.0, 3.96], [423.0, 6.1], [441.0, 30.58], [442.0, 5.55], [451.0, 19.1], [452.0, 11.07], [455.0, 3.02], [459.0, 1.37], [469.0, 32.99], [470.0, 5.3], [554.0, 2.9], [582.0, 10.7], [583.0, 3.25], [685.0, 8.54], [686.0, 3.13]]","[46348.88281, 27686.13281, 10448.14551, 3251.696777, 868.0401001]",T10020_MCA10LB_210805_POS_P32_MS2.d,T10020,MCA10LB,T4680
7.37,672809,1022.673094,M+H,"[[72.0, 15.91], [84.0, 6.3], [86.0, 100.0], [87.0, 2.51], [102.0, 8.11], [130.0, 5.6], [132.0, 2.98], [185.0, 6.44], [199.0, 32.25], [200.0, 2.78], [201.0, 19.04], [213.0, 2.71], [215.0, 1.15], [226.0, 5.01], [227.0, 49.56], [228.0, 7.8], [229.0, 10.99], [245.0, 7.28], [253.0, 1.08], [255.0, 2.31], [281.0, 2.42], [283.0, 6.66], [284.0, 2.45], [295.0, 4.62], [296.0, 2.54], [310.0, 1.4], [311.0, 7.17], [326.0, 3.3], [328.0, 26.39], [329.0, 2.47], [338.0, 38.96], [339.0, 8.15], [342.0, 10.29], [343.0, 2.92], [356.0, 32.77], [357.0, 11.83], [360.0, 2.68], [395.0, 6.9], [396.0, 6.52], [413.0, 1.11], [423.0, 7.82], [441.0, 35.32], [442.0, 9.31], [451.0, 13.37], [452.0, 3.55], [455.0, 9.73], [459.0, 2.4], [469.0, 34.74], [470.0, 9.35], [526.0, 1.32], [554.0, 4.98], [572.0, 2.66], [582.0, 12.75], [583.0, 2.26], [681.0, 2.2], [685.0, 6.91], [686.0, 5.69], [697.0, 1.1]]","[100573.2656, 58068.47656, 20495.06445, 4959.304688, 965.8369751]",T10028_MCA07LB_210813_POS_P33_MS2.d,T10028,MCA07LB,T298
7.37,130314,1044.655536,M+Na,"[[728.0, 2.5], [932.0, 1.13], [1045.0, 100.0], [1046.0, 53.73], [1047.0, 19.93]]","[17925.35547, 11086.89941, 3816.040527, 1081.44458, 248.3249969]",T10217_MCA07LB_220409_POS_P53_MS2.d,T10217,MCA07LB,T1416
7.42,551890,1022.674891,M+H,"[[72.0, 5.38], [84.0, 2.76], [86.0, 100.0], [102.0, 2.88], [130.0, 5.0], [132.0, 1.34], [185.0, 2.58], [199.0, 28.92], [200.0, 4.08], [201.0, 13.33], [213.0, 2.66], [226.0, 2.65], [227.0, 41.78], [228.0, 1.26], [229.0, 12.71], [245.0, 8.75], [283.0, 2.53], [296.0, 2.46], [310.0, 1.24], [326.0, 2.45], [328.0, 32.47], [338.0, 26.76], [339.0, 1.21], [342.0, 11.46], [356.0, 30.52], [357.0, 9.25], [360.0, 4.33], [395.0, 9.36], [396.0, 3.36], [441.0, 40.78], [442.0, 7.28], [451.0, 14.63], [452.0, 2.22], [455.0, 1.04], [469.0, 27.33], [470.0, 4.94], [471.0, 3.34], [526.0, 3.12], [554.0, 7.59], [582.0, 7.71], [584.0, 1.04], [685.0, 4.32]]","[15519.72461, 9210.052734, 3557.588379, 855.3381348, 242.5625]",T10225_MCA07LB_220409_POS_P53_MS2.d,T10225,MCA07LB,T1416
7.38,204488,1022.673387,M+H,"[[72.0, 6.67], [86.0, 100.0], [199.0, 9.26], [201.0, 29.48], [227.0, 43.34], [228.0, 3.43], [229.0, 6.34], [245.0, 6.63], [328.0, 8.25], [338.0, 27.12], [342.0, 10.56], [356.0, 30.6], [357.0, 6.24], [395.0, 6.25], [441.0, 13.25], [451.0, 10.07], [469.0, 25.98]]","[26170.11914, 13818.37305, 4479.334961, 978.3220215, 348.0425415]",T10226_MCA07LB_220409_POS_P53_MS2.d,T10226,MCA07LB,T1416
7.33,119313,1044.655368,M+Na,"[[463.0, 1.97], [1045.0, 100.0], [1046.0, 82.62], [1047.0, 14.08]]","[28258.14844, 18849.54688, 6371.814941, 1315.047363, 247.1856079]",T298_MCA10LB_210326_POS_P18_MS2.d,T298,MCA10LB,T298
